year,beneficiaries
1991.25,35
1991.9166666666667,60.900001525878906
1992.9166666666667,63.400001525878906
1993.9166666666667,67.5
1994.9166666666667,69
