month,year,benef,localities_cv
4,1991,35,250
12,1991,60.900001525878906,6609
12,1992,63.400001525878906,10714
12,1993,67.5,13940
12,1994,69,14696
